,date,corridor_length,temp_treatment,patch,replicate,blepharisma,colpidium,didinium,homalozoon,paramecium,spirostomum,bursaria,day
Constant_Short_1a0,22/11/2021,Short,Constant,A,1,400,400,40,40,400,400,40,0
Constant_Short_1b0,22/11/2021,Short,Constant,B,1,400,400,40,40,400,400,40,0
Constant_Short_2a0,22/11/2021,Short,Constant,A,2,400,400,40,40,400,400,40,0
Constant_Short_2b0,22/11/2021,Short,Constant,B,2,400,400,40,40,400,400,40,0
Constant_Short_3a0,22/11/2021,Short,Constant,A,3,400,400,40,40,400,400,40,0
Constant_Short_3b0,22/11/2021,Short,Constant,B,3,400,400,40,40,400,400,40,0
Constant_Short_4a0,22/11/2021,Short,Constant,A,4,400,400,40,40,400,400,40,0
Constant_Short_4b0,22/11/2021,Short,Constant,B,4,400,400,40,40,400,400,40,0
Constant_Short_5a0,22/11/2021,Short,Constant,A,5,400,400,40,40,400,400,40,0
Constant_Short_5b0,22/11/2021,Short,Constant,B,5,400,400,40,40,400,400,40,0
Constant_Long_1a00,22/11/2021,Long,Constant,A,1,400,400,40,40,400,400,40,0
Constant_Long_1b0,22/11/2021,Long,Constant,B,1,400,400,40,40,400,400,40,0
Constant_Long_2a0,22/11/2021,Long,Constant,A,2,400,400,40,40,400,400,40,0
Constant_Long_2b0,22/11/2021,Long,Constant,B,2,400,400,40,40,400,400,40,0
Constant_Long_3a0,22/11/2021,Long,Constant,A,3,400,400,40,40,400,400,40,0
Constant_Long_3b0,22/11/2021,Long,Constant,B,3,400,400,40,40,400,400,40,0
Constant_Long_4a0,22/11/2021,Long,Constant,A,4,400,400,40,40,400,400,40,0
Constant_Long_4b0,22/11/2021,Long,Constant,B,4,400,400,40,40,400,400,40,0
Constant_Long_5a0,22/11/2021,Long,Constant,A,5,400,400,40,40,400,400,40,0
Constant_Long_5b0,22/11/2021,Long,Constant,B,5,400,400,40,40,400,400,40,0
Fluctuating_Asynchronous_Short_1a00,22/11/2021,Short,Fluctuating_Asynchro,A,1,400,400,40,40,400,400,40,0
Fluctuating_Asynchronous_Short_1b0,22/11/2021,Short,Fluctuating_Asynchro,B,1,400,400,40,40,400,400,40,0
Fluctuating_Asynchronous_Short_2a0,22/11/2021,Short,Fluctuating_Asynchro,A,2,400,400,40,40,400,400,40,0
Fluctuating_Asynchronous_Short_2b0,22/11/2021,Short,Fluctuating_Asynchro,B,2,400,400,40,40,400,400,40,0
Fluctuating_Asynchronous_Short_3a0,22/11/2021,Short,Fluctuating_Asynchro,A,3,400,400,40,40,400,400,40,0
Fluctuating_Asynchronous_Short_3b0,22/11/2021,Short,Fluctuating_Asynchro,B,3,400,400,40,40,400,400,40,0
Fluctuating_Asynchronous_Short_4a0,22/11/2021,Short,Fluctuating_Asynchro,A,4,400,400,40,40,400,400,40,0
Fluctuating_Asynchronous_Short_4b0,22/11/2021,Short,Fluctuating_Asynchro,B,4,400,400,40,40,400,400,40,0
Fluctuating_Asynchronous_Short_5a0,22/11/2021,Short,Fluctuating_Asynchro,A,5,400,400,40,40,400,400,40,0
Fluctuating_Asynchronous_Short_5b0,22/11/2021,Short,Fluctuating_Asynchro,B,5,400,400,40,40,400,400,40,0
Fluctuating_Asynchronous_Long_1a0,22/11/2021,Long,Fluctuating_Asynchro,A,1,400,400,40,40,400,400,40,0
Fluctuating_Asynchronous_Long_1b0,22/11/2021,Long,Fluctuating_Asynchro,B,1,400,400,40,40,400,400,40,0
Fluctuating_Asynchronous_Long_2a0,22/11/2021,Long,Fluctuating_Asynchro,A,2,400,400,40,40,400,400,40,0
Fluctuating_Asynchronous_Long_2b0,22/11/2021,Long,Fluctuating_Asynchro,B,2,400,400,40,40,400,400,40,0
Fluctuating_Asynchronous_Long_3a0,22/11/2021,Long,Fluctuating_Asynchro,A,3,400,400,40,40,400,400,40,0
Fluctuating_Asynchronous_Long_3b0,22/11/2021,Long,Fluctuating_Asynchro,B,3,400,400,40,40,400,400,40,0
Fluctuating_Asynchronous_Long_4a0,22/11/2021,Long,Fluctuating_Asynchro,A,4,400,400,40,40,400,400,40,0
Fluctuating_Asynchronous_Long_4b0,22/11/2021,Long,Fluctuating_Asynchro,B,4,400,400,40,40,400,400,40,0
Fluctuating_Asynchronous_Long_5a0,22/11/2021,Long,Fluctuating_Asynchro,A,5,400,400,40,40,400,400,40,0
Fluctuating_Asynchronous_Long_5b0,22/11/2021,Long,Fluctuating_Asynchro,B,5,400,400,40,40,400,400,40,0
Static_Diff_Short_1a0,22/11/2021,Short,Static_Diff,A,1,400,400,40,40,400,400,40,0
Static_Diff_Short_1b0,22/11/2021,Short,Static_Diff,B,1,400,400,40,40,400,400,40,0
Static_Diff_Short_2a0,22/11/2021,Short,Static_Diff,A,2,400,400,40,40,400,400,40,0
Static_Diff_Short_2b0,22/11/2021,Short,Static_Diff,B,2,400,400,40,40,400,400,40,0
Static_Diff_Short_3a0,22/11/2021,Short,Static_Diff,A,3,400,400,40,40,400,400,40,0
Static_Diff_Short_3b0,22/11/2021,Short,Static_Diff,B,3,400,400,40,40,400,400,40,0
Static_Diff_Short_4a0,22/11/2021,Short,Static_Diff,A,4,400,400,40,40,400,400,40,0
Static_Diff_Short_4b0,22/11/2021,Short,Static_Diff,B,4,400,400,40,40,400,400,40,0
Static_Diff_Short_5a0,22/11/2021,Short,Static_Diff,A,5,400,400,40,40,400,400,40,0
Static_Diff_Short_5b0,22/11/2021,Short,Static_Diff,B,5,400,400,40,40,400,400,40,0
Static_Diff_Long_1a0,22/11/2021,Long,Static_Diff,A,1,400,400,40,40,400,400,40,0
Static_Diff_Long_1b0,22/11/2021,Long,Static_Diff,B,1,400,400,40,40,400,400,40,0
Static_Diff_Long_2a0,22/11/2021,Long,Static_Diff,A,2,400,400,40,40,400,400,40,0
Static_Diff_Long_2b0,22/11/2021,Long,Static_Diff,B,2,400,400,40,40,400,400,40,0
Static_Diff_Long_3a0,22/11/2021,Long,Static_Diff,A,3,400,400,40,40,400,400,40,0
Static_Diff_Long_3b0,22/11/2021,Long,Static_Diff,B,3,400,400,40,40,400,400,40,0
Static_Diff_Long_5a0,22/11/2021,Long,Static_Diff,A,5,400,400,40,40,400,400,40,0
Static_Diff_Long_5b0,22/11/2021,Long,Static_Diff,B,5,400,400,40,40,400,400,40,0
Fluctuating_Synchronous_Short_1a0,22/11/2021,Short,Fluctuating_Synchro,A,1,400,400,40,40,400,400,40,0
Fluctuating_Synchronous_Short_1b0,22/11/2021,Short,Fluctuating_Synchro,B,1,400,400,40,40,400,400,40,0
Fluctuating_Synchronous_Short_2a0,22/11/2021,Short,Fluctuating_Synchro,A,2,400,400,40,40,400,400,40,0
Fluctuating_Synchronous_Short_2b0,22/11/2021,Short,Fluctuating_Synchro,B,2,400,400,40,40,400,400,40,0
Fluctuating_Synchronous_Short_3a0,22/11/2021,Short,Fluctuating_Synchro,A,3,400,400,40,40,400,400,40,0
Fluctuating_Synchronous_Short_3b0,22/11/2021,Short,Fluctuating_Synchro,B,3,400,400,40,40,400,400,40,0
Fluctuating_Synchronous_Short_4a0,22/11/2021,Short,Fluctuating_Synchro,A,4,400,400,40,40,400,400,40,0
Fluctuating_Synchronous_Short_4b0,22/11/2021,Short,Fluctuating_Synchro,B,4,400,400,40,40,400,400,40,0
Fluctuating_Synchronous_Short_5a0,22/11/2021,Short,Fluctuating_Synchro,A,5,400,400,40,40,400,400,40,0
Fluctuating_Synchronous_Short_5b0,22/11/2021,Short,Fluctuating_Synchro,B,5,400,400,40,40,400,400,40,0
Fluctuating_Synchronous_Long_1a0,22/11/2021,Long,Fluctuating_Synchro,A,1,400,400,40,40,400,400,40,0
Fluctuating_Synchronous_Long_1b0,22/11/2021,Long,Fluctuating_Synchro,B,1,400,400,40,40,400,400,40,0
Fluctuating_Synchronous_Long_2a0,22/11/2021,Long,Fluctuating_Synchro,A,2,400,400,40,40,400,400,40,0
Fluctuating_Synchronous_Long_2b0,22/11/2021,Long,Fluctuating_Synchro,B,2,400,400,40,40,400,400,40,0
Fluctuating_Synchronous_Long_3a0,22/11/2021,Long,Fluctuating_Synchro,A,3,400,400,40,40,400,400,40,0
Fluctuating_Synchronous_Long_3b0,22/11/2021,Long,Fluctuating_Synchro,B,3,400,400,40,40,400,400,40,0
Fluctuating_Synchronous_Long_4a0,22/11/2021,Long,Fluctuating_Synchro,A,4,400,400,40,40,400,400,40,0
Fluctuating_Synchronous_Long_4b0,22/11/2021,Long,Fluctuating_Synchro,B,4,400,400,40,40,400,400,40,0
Fluctuating_Synchronous_Long_5a0,22/11/2021,Long,Fluctuating_Synchro,A,5,400,400,40,40,400,400,40,0
Fluctuating_Synchronous_Long_5b0,22/11/2021,Long,Fluctuating_Synchro,B,5,400,400,40,40,400,400,40,0
Constant_Short_1a3,25/11/2021,Short,Constant,A,1,2,0,0,3,240,100,19,3
Constant_Short_1b3,25/11/2021,Short,Constant,B,1,0,0,0,0,220,120,5,3
Constant_Short_2a3,25/11/2021,Short,Constant,A,2,1,0,0,0,340,80,8,3
Constant_Short_2b3,25/11/2021,Short,Constant,B,2,1,0,0,1,210,70,15,3
Constant_Short_3a3,25/11/2021,Short,Constant,A,3,1,0,0,2,130,80,11,3
Constant_Short_3b3,25/11/2021,Short,Constant,B,3,0,0,0,0,170,140,11,3
Constant_Short_4a3,25/11/2021,Short,Constant,A,4,1,0,0,1,90,50,4,3
Constant_Short_4b3,25/11/2021,Short,Constant,B,4,0,0,0,0,150,60,10,3
Constant_Short_5a3,25/11/2021,Short,Constant,A,5,0,0,0,0,32,8,10,3
Constant_Short_5b3,25/11/2021,Short,Constant,B,5,0,0,0,1,240,80,70,3
Constant_Long_1a30,25/11/2021,Long,Constant,A,1,0,0,0,1,110,280,11,3
Constant_Long_1b3,25/11/2021,Long,Constant,B,1,0,0,0,0,120,90,10,3
Constant_Long_2a3,25/11/2021,Long,Constant,A,2,0,0,0,0,140,80,15,3
Constant_Long_2b3,25/11/2021,Long,Constant,B,2,0,0,0,0,90,50,12,3
Constant_Long_3a3,25/11/2021,Long,Constant,A,3,0,0,0,0,210,170,12,3
Constant_Long_3b3,25/11/2021,Long,Constant,B,3,0,0,0,0,470,100,10,3
Constant_Long_4a3,25/11/2021,Long,Constant,A,4,0,0,0,1,420,120,10,3
Constant_Long_4b3,25/11/2021,Long,Constant,B,4,0,0,0,1,250,70,16,3
Constant_Long_5a3,25/11/2021,Long,Constant,A,5,0,0,0,0,190,160,11,3
Constant_Long_5b3,25/11/2021,Long,Constant,B,5,0,0,0,0,210,60,10,3
Fluctuating_Asynchronous_Short_1a30,25/11/2021,Short,Fluctuating_Asynchro,A,1,1,0,1,0,500,60,10,3
Fluctuating_Asynchronous_Short_1b3,25/11/2021,Short,Fluctuating_Asynchro,B,1,1,0,0,2,800,90,4,3
Fluctuating_Asynchronous_Short_2a3,25/11/2021,Short,Fluctuating_Asynchro,A,2,1,0,6,3,320,70,5,3
Fluctuating_Asynchronous_Short_2b3,25/11/2021,Short,Fluctuating_Asynchro,B,2,0,0,15,1,400,90,5,3
Fluctuating_Asynchronous_Short_3a3,25/11/2021,Short,Fluctuating_Asynchro,A,3,3,0,0,3,840,130,1,3
Fluctuating_Asynchronous_Short_3b3,25/11/2021,Short,Fluctuating_Asynchro,B,3,2,0,0,0,980,80,8,3
Fluctuating_Asynchronous_Short_4a3,25/11/2021,Short,Fluctuating_Asynchro,A,4,3,0,4,0,700,90,7,3
Fluctuating_Asynchronous_Short_4b3,25/11/2021,Short,Fluctuating_Asynchro,B,4,1,0,1,2,600,170,7,3
Fluctuating_Asynchronous_Short_5a3,25/11/2021,Short,Fluctuating_Asynchro,A,5,6,0,1,4,210,50,5,3
Fluctuating_Asynchronous_Short_5b3,25/11/2021,Short,Fluctuating_Asynchro,B,5,1,2,1,3,150,15,2,3
Fluctuating_Asynchronous_Long_1a3,25/11/2021,Long,Fluctuating_Asynchro,A,1,30,5,0,6,290,70,3,3
Fluctuating_Asynchronous_Long_1b3,25/11/2021,Long,Fluctuating_Asynchro,B,1,4,0,0,3,220,17,7,3
Fluctuating_Asynchronous_Long_2a3,25/11/2021,Long,Fluctuating_Asynchro,A,2,0,5,0,6,500,15,3,3
Fluctuating_Asynchronous_Long_2b3,25/11/2021,Long,Fluctuating_Asynchro,B,2,0,0,0,0,800,7,2,3
Fluctuating_Asynchronous_Long_3a3,25/11/2021,Long,Fluctuating_Asynchro,A,3,50,0,0,6,520,120,13,3
Fluctuating_Asynchronous_Long_3b3,25/11/2021,Long,Fluctuating_Asynchro,B,3,1,2,0,0,230,80,8,3
Fluctuating_Asynchronous_Long_4a3,25/11/2021,Long,Fluctuating_Asynchro,A,4,0,4,0,3,480,80,2,3
Fluctuating_Asynchronous_Long_4b3,25/11/2021,Long,Fluctuating_Asynchro,B,4,2,0,0,3,110,60,1,3
Fluctuating_Asynchronous_Long_5a3,25/11/2021,Long,Fluctuating_Asynchro,A,5,0,50,0,1,600,90,2,3
Fluctuating_Asynchronous_Long_5b3,25/11/2021,Long,Fluctuating_Asynchro,B,5,0,0,0,1,200,50,4,3
Static_Diff_Short_1a3,25/11/2021,Short,Static_Diff,A,1,70,1,19,0,460,14,14,3
Static_Diff_Short_1b3,25/11/2021,Short,Static_Diff,B,1,110,1,60,2,190,100,10,3
Static_Diff_Short_2a3,25/11/2021,Short,Static_Diff,A,2,50,1,12,0,60,80,8,3
Static_Diff_Short_2b3,25/11/2021,Short,Static_Diff,B,2,80,60,17,0,150,110,6,3
Static_Diff_Short_3a3,25/11/2021,Short,Static_Diff,A,3,100,1,1,0,190,50,8,3
Static_Diff_Short_3b3,25/11/2021,Short,Static_Diff,B,3,430,8,0,5,120,26,10,3
Static_Diff_Short_4a3,25/11/2021,Short,Static_Diff,A,4,9,1,0,0,100,8,11,3
Static_Diff_Short_4b3,25/11/2021,Short,Static_Diff,B,4,190,9,0,13,400,50,6,3
Static_Diff_Short_5a3,25/11/2021,Short,Static_Diff,A,5,2,1,5,4,140,5,8,3
Static_Diff_Short_5b3,25/11/2021,Short,Static_Diff,B,5,100,120,13,50,350,130,0,3
Static_Diff_Long_1a3,25/11/2021,Long,Static_Diff,A,1,190,50,2,0,800,160,7,3
Static_Diff_Long_1b3,25/11/2021,Long,Static_Diff,B,1,90,0,1,2,800,12,5,3
Static_Diff_Long_2a3,25/11/2021,Long,Static_Diff,A,2,0,50,0,19,100,7,8,3
Static_Diff_Long_2b3,25/11/2021,Long,Static_Diff,B,2,0,150,0,2,50,6,9,3
Static_Diff_Long_3a3,25/11/2021,Long,Static_Diff,A,3,60,50,3,9,360,32,3,3
Static_Diff_Long_3b3,25/11/2021,Long,Static_Diff,B,3,9,9,3,1,500,100,7,3
Static_Diff_Long_5a3,25/11/2021,Long,Static_Diff,A,5,0,2,0,80,100,9,12,3
Static_Diff_Long_5b3,25/11/2021,Long,Static_Diff,B,5,1,0,0,10,110,5,11,3
Fluctuating_Synchronous_Short_1a3,25/11/2021,Short,Fluctuating_Synchro,A,1,6,0,2,2,400,50,4,3
Fluctuating_Synchronous_Short_1b3,25/11/2021,Short,Fluctuating_Synchro,B,1,2,0,0,0,280,60,14,3
Fluctuating_Synchronous_Short_2a3,25/11/2021,Short,Fluctuating_Synchro,A,2,0,0,0,6,150,50,5,3
Fluctuating_Synchronous_Short_2b3,25/11/2021,Short,Fluctuating_Synchro,B,2,0,0,0,1,210,15,19,3
Fluctuating_Synchronous_Short_3a3,25/11/2021,Short,Fluctuating_Synchro,A,3,0,1,0,3,290,5,6,3
Fluctuating_Synchronous_Short_3b3,25/11/2021,Short,Fluctuating_Synchro,B,3,2,1,0,2,300,80,4,3
Fluctuating_Synchronous_Short_4a3,25/11/2021,Short,Fluctuating_Synchro,A,4,4,1,0,6,170,25,3,3
Fluctuating_Synchronous_Short_4b3,25/11/2021,Short,Fluctuating_Synchro,B,4,8,0,0,2,300,14,5,3
Fluctuating_Synchronous_Short_5a3,25/11/2021,Short,Fluctuating_Synchro,A,5,50,0,0,5,500,100,0,3
Fluctuating_Synchronous_Short_5b3,25/11/2021,Short,Fluctuating_Synchro,B,5,60,1,0,12,280,90,4,3
Fluctuating_Synchronous_Long_1a3,25/11/2021,Long,Fluctuating_Synchro,A,1,0,2,0,0,150,70,6,3
Fluctuating_Synchronous_Long_1b3,25/11/2021,Long,Fluctuating_Synchro,B,1,0,0,0,0,250,60,6,3
Fluctuating_Synchronous_Long_2a3,25/11/2021,Long,Fluctuating_Synchro,A,2,0,0,0,0,600,190,11,3
Fluctuating_Synchronous_Long_2b3,25/11/2021,Long,Fluctuating_Synchro,B,2,0,0,0,2,50,7,9,3
Fluctuating_Synchronous_Long_3a3,25/11/2021,Long,Fluctuating_Synchro,A,3,1,1,0,2,210,100,15,3
Fluctuating_Synchronous_Long_3b3,25/11/2021,Long,Fluctuating_Synchro,B,3,0,0,0,1,450,70,6,3
Fluctuating_Synchronous_Long_4a3,25/11/2021,Long,Fluctuating_Synchro,A,4,1,0,0,1,60,90,6,3
Fluctuating_Synchronous_Long_4b3,25/11/2021,Long,Fluctuating_Synchro,B,4,1,0,0,1,60,90,6,3
Fluctuating_Synchronous_Long_5a3,25/11/2021,Long,Fluctuating_Synchro,A,5,1,0,0,0,310,150,9,3
Fluctuating_Synchronous_Long_5b3,25/11/2021,Long,Fluctuating_Synchro,B,5,2,0,0,2,220,60,4,3
Constant_Short_1a7,29/11/2021,Short,Constant,A,1,0,0,0,0,2480,200,5,7
Constant_Short_1b7,29/11/2021,Short,Constant,B,1,0,0,0,0,1320,130,5,7
Constant_Short_2a7,29/11/2021,Short,Constant,A,2,0,0,0,0,500,466.6666667,5,7
Constant_Short_2b7,29/11/2021,Short,Constant,B,2,0,0,0,0,1000,500,4,7
Constant_Short_3a7,29/11/2021,Short,Constant,A,3,0,0,0,0,1200,700,3,7
Constant_Short_3b7,29/11/2021,Short,Constant,B,3,0,0,0,0,1100,800,4,7
Constant_Short_4a7,29/11/2021,Short,Constant,A,4,0,0,0,0,1280,700,5,7
Constant_Short_4b7,29/11/2021,Short,Constant,B,4,0,0,0,0,860,280,6,7
Constant_Short_5a7,29/11/2021,Short,Constant,A,5,0,0,0,0,1800,110,4,7
Constant_Short_5b7,29/11/2021,Short,Constant,B,5,0,0,0,0,500,70,3,7
Constant_Long_1a70,29/11/2021,Long,Constant,A,1,0,0,0,0,1560,700,6,7
Constant_Long_1b7,29/11/2021,Long,Constant,B,1,0,0,0,0,410,170,3,7
Constant_Long_2a7,29/11/2021,Long,Constant,A,2,0,0,0,0,1200,500,2,7
Constant_Long_2b7,29/11/2021,Long,Constant,B,2,0,0,0,0,1300,800,5,7
Constant_Long_3a7,29/11/2021,Long,Constant,A,3,0,0,0,0,900,800,7,7
Constant_Long_3b7,29/11/2021,Long,Constant,B,3,0,0,0,0,800,250,2,7
Constant_Long_4a7,29/11/2021,Long,Constant,A,4,0,0,0,0,1840,150,8,7
Constant_Long_4b7,29/11/2021,Long,Constant,B,4,0,0,0,0,1560,190,5,7
Constant_Long_5a7,29/11/2021,Long,Constant,A,5,0,0,0,0,1600,1500,10,7
Constant_Long_5b7,29/11/2021,Long,Constant,B,5,0,0,0,0,1300,800,6,7
Fluctuating_Asynchronous_Short_1a70,29/11/2021,Short,Fluctuating_Asynchro,A,1,0,0,80,0,70,250,7,7
Fluctuating_Asynchronous_Short_1b7,29/11/2021,Short,Fluctuating_Asynchro,B,1,0,0,120,0,120,200,5,7
Fluctuating_Asynchronous_Short_2a7,29/11/2021,Short,Fluctuating_Asynchro,A,2,4,0,220,0,15,60,2,7
Fluctuating_Asynchronous_Short_2b7,29/11/2021,Short,Fluctuating_Asynchro,B,2,3,0,260,1,50,130,2,7
Fluctuating_Asynchronous_Short_3a7,29/11/2021,Short,Fluctuating_Asynchro,A,3,2,1,0,1,700,140,4,7
Fluctuating_Asynchronous_Short_3b7,29/11/2021,Short,Fluctuating_Asynchro,B,3,0,0,0,0,2500,120,1,7
Fluctuating_Asynchronous_Short_4a7,29/11/2021,Short,Fluctuating_Asynchro,A,4,0,0,220,0,190,130,2,7
Fluctuating_Asynchronous_Short_4b7,29/11/2021,Short,Fluctuating_Asynchro,B,4,0,0,140,0,130,180,8,7
Fluctuating_Asynchronous_Short_5a7,29/11/2021,Short,Fluctuating_Asynchro,A,5,3,0,1,14,210,50,1,7
Fluctuating_Asynchronous_Short_5b7,29/11/2021,Short,Fluctuating_Asynchro,B,5,5,2,2,21,370,80,6,7
Fluctuating_Asynchronous_Long_1a7,29/11/2021,Long,Fluctuating_Asynchro,A,1,1,1,0,4,600,360,2,7
Fluctuating_Asynchronous_Long_1b7,29/11/2021,Long,Fluctuating_Asynchro,B,1,1,0,0,0,1000,80,6,7
Fluctuating_Asynchronous_Long_2a7,29/11/2021,Long,Fluctuating_Asynchro,A,2,0,0,0,9,350,50,0,7
Fluctuating_Asynchronous_Long_2b7,29/11/2021,Long,Fluctuating_Asynchro,B,2,1,2,0,4,270,60,2,7
Fluctuating_Asynchronous_Long_3a7,29/11/2021,Long,Fluctuating_Asynchro,A,3,1,0,0,0,500,70,9,7
Fluctuating_Asynchronous_Long_3b7,29/11/2021,Long,Fluctuating_Asynchro,B,3,2,1,0,1,390,80,7,7
Fluctuating_Asynchronous_Long_4a7,29/11/2021,Long,Fluctuating_Asynchro,A,4,0,0,0,1,410,50,1,7
Fluctuating_Asynchronous_Long_4b7,29/11/2021,Long,Fluctuating_Asynchro,B,4,5,0,0,1,390,70,5,7
Fluctuating_Asynchronous_Long_5a7,29/11/2021,Long,Fluctuating_Asynchro,A,5,0,0,0,5,500,80,1,7
Fluctuating_Asynchronous_Long_5b7,29/11/2021,Long,Fluctuating_Asynchro,B,5,0,0,0,2,600,100,1,7
Static_Diff_Short_1a7,29/11/2021,Short,Static_Diff,A,1,410,1,0,0,140,5,4,7
Static_Diff_Short_1b7,29/11/2021,Short,Static_Diff,B,1,840,0,0,0,560,80,3,7
Static_Diff_Short_2a7,29/11/2021,Short,Static_Diff,A,2,140,0,2,0,270,120,2,7
Static_Diff_Short_2b7,29/11/2021,Short,Static_Diff,B,2,933.3333333,0,2,0,1400,120,0,7
Static_Diff_Short_3a7,29/11/2021,Short,Static_Diff,A,3,220,0,0,0,190,60,6,7
Static_Diff_Short_3b7,29/11/2021,Short,Static_Diff,B,3,1100,0,0,0,460,5,1,7
Static_Diff_Short_4a7,29/11/2021,Short,Static_Diff,A,4,110,0,0,5,110,2,1,7
Static_Diff_Short_4b7,29/11/2021,Short,Static_Diff,B,4,350,1,0,0,380,3,0,7
Static_Diff_Short_5a7,29/11/2021,Short,Static_Diff,A,5,100,0,0,13,310,0,0,7
Static_Diff_Short_5b7,29/11/2021,Short,Static_Diff,B,5,230,70,0,4,390,110,3,7
Static_Diff_Long_1a7,29/11/2021,Long,Static_Diff,A,1,333.3333333,0,0,1,733.3333333,83.33333333,3,7
Static_Diff_Long_1b7,29/11/2021,Long,Static_Diff,B,1,60,1,0,0,1000,13,4,7
Static_Diff_Long_2a7,29/11/2021,Long,Static_Diff,A,2,0,22,0,2,160,2,1,7
Static_Diff_Long_2b7,29/11/2021,Long,Static_Diff,B,2,0,6,0,5,110,5,5,7
Static_Diff_Long_3a7,29/11/2021,Long,Static_Diff,A,3,270,0,0,0,500,140,1,7
Static_Diff_Long_3b7,29/11/2021,Long,Static_Diff,B,3,310,0,0,3,600,160,0,7
Static_Diff_Long_5a7,29/11/2021,Long,Static_Diff,A,5,0,0,0,1,140,50,3,7
Static_Diff_Long_5b7,29/11/2021,Long,Static_Diff,B,5,0,0,0,0,180,16,2,7
Fluctuating_Synchronous_Short_1a7,29/11/2021,Short,Fluctuating_Synchro,A,1,0,0,5,0,380,4,2,7
Fluctuating_Synchronous_Short_1b7,29/11/2021,Short,Fluctuating_Synchro,B,1,0,0,5,1,333.3333333,13,4,7
Fluctuating_Synchronous_Short_2a7,29/11/2021,Short,Fluctuating_Synchro,A,2,0,2,0,5,360,50,4,7
Fluctuating_Synchronous_Short_2b7,29/11/2021,Short,Fluctuating_Synchro,B,2,0,1,0,1,330,100,2,7
Fluctuating_Synchronous_Short_3a7,29/11/2021,Short,Fluctuating_Synchro,A,3,0,0,0,1,580,14,3,7
Fluctuating_Synchronous_Short_3b7,29/11/2021,Short,Fluctuating_Synchro,B,3,0,0,0,5,820,16,1,7
Fluctuating_Synchronous_Short_4a7,29/11/2021,Short,Fluctuating_Synchro,A,4,9,0,0,3,560,230,2,7
Fluctuating_Synchronous_Short_4b7,29/11/2021,Short,Fluctuating_Synchro,B,4,16,1,0,5,700,110,3,7
Fluctuating_Synchronous_Short_5a7,29/11/2021,Short,Fluctuating_Synchro,A,5,70,0,0,60,320,100,1,7
Fluctuating_Synchronous_Short_5b7,29/11/2021,Short,Fluctuating_Synchro,B,5,50,0,0,50,370,130,0,7
Fluctuating_Synchronous_Long_1a7,29/11/2021,Long,Fluctuating_Synchro,A,1,0,0,0,0,450,150,4,7
Fluctuating_Synchronous_Long_1b7,29/11/2021,Long,Fluctuating_Synchro,B,1,0,0,0,0,733.3333333,200,7,7
Fluctuating_Synchronous_Long_2a7,29/11/2021,Long,Fluctuating_Synchro,A,2,0,0,0,0,740,310,17,7
Fluctuating_Synchronous_Long_2b7,29/11/2021,Long,Fluctuating_Synchro,B,2,0,0,0,1,460,120,4,7
Fluctuating_Synchronous_Long_3a7,29/11/2021,Long,Fluctuating_Synchro,A,3,0,0,0,0,700,220,10,7
Fluctuating_Synchronous_Long_3b7,29/11/2021,Long,Fluctuating_Synchro,B,3,0,0,0,0,900,500,7,7
Fluctuating_Synchronous_Long_4a7,29/11/2021,Long,Fluctuating_Synchro,A,4,0,1,0,0,760,120,6,7
Fluctuating_Synchronous_Long_4b7,29/11/2021,Long,Fluctuating_Synchro,B,4,0,0,0,0,380,60,5,7
Fluctuating_Synchronous_Long_5a7,29/11/2021,Long,Fluctuating_Synchro,A,5,1,0,0,0,600,150,1,7
Fluctuating_Synchronous_Long_5b7,29/11/2021,Long,Fluctuating_Synchro,B,5,0,0,0,1,6100,140,2,7
Constant_Short_1a10,02/12/2021,Short,Constant,A,1,0,0,0,0,7200,320,2,10
Constant_Short_1b10,02/12/2021,Short,Constant,B,1,0,0,0,0,1200,520,2,10
Constant_Short_2a10,02/12/2021,Short,Constant,A,2,0,0,0,0,1600,1200,2,10
Constant_Short_2b10,02/12/2021,Short,Constant,B,2,0,0,0,0,1800,800,3,10
Constant_Short_3a10,02/12/2021,Short,Constant,A,3,0,0,0,0,2000,760,2,10
Constant_Short_3b10,02/12/2021,Short,Constant,B,3,0,0,0,0,1560,580,3,10
Constant_Short_4a10,02/12/2021,Short,Constant,A,4,0,0,0,0,1400,1200,1,10
Constant_Short_4b10,02/12/2021,Short,Constant,B,4,0,0,0,0,1600,600,2,10
Constant_Short_5a10,02/12/2021,Short,Constant,A,5,0,0,0,0,1880,320,1,10
Constant_Short_5b10,02/12/2021,Short,Constant,B,5,0,0,0,0,9200,960,3,10
Constant_Long_1a100,02/12/2021,Long,Constant,A,1,0,0,0,0,4000,840,4,10
Constant_Long_1b10,02/12/2021,Long,Constant,B,1,0,0,0,0,1600,560,3,10
Constant_Long_2a10,02/12/2021,Long,Constant,A,2,1,0,0,0,160,700,5,10
Constant_Long_2b10,02/12/2021,Long,Constant,B,2,0,0,0,0,1880,540,0,10
Constant_Long_3a10,02/12/2021,Long,Constant,A,3,0,0,0,1,1600,700,1,10
Constant_Long_3b10,02/12/2021,Long,Constant,B,3,0,0,0,0,2500,700,0,10
Constant_Long_4a10,02/12/2021,Long,Constant,A,4,0,0,0,0,3900,220,1,10
Constant_Long_4b10,02/12/2021,Long,Constant,B,4,0,0,0,0,4600,400,0,10
Constant_Long_5a10,02/12/2021,Long,Constant,A,5,0,0,0,0,1900,1500,1,10
Constant_Long_5b10,02/12/2021,Long,Constant,B,5,0,0,0,0,1160,640,4,10
Fluctuating_Asynchronous_Short_1a100,02/12/2021,Short,Fluctuating_Asynchro,A,1,0,0,70,0,50,100,5,10
Fluctuating_Asynchronous_Short_1b10,02/12/2021,Short,Fluctuating_Asynchro,B,1,2,0,20,0,110,180,3,10
Fluctuating_Asynchronous_Short_2a10,02/12/2021,Short,Fluctuating_Asynchro,A,2,80,0,0,1,60,140,3,10
Fluctuating_Asynchronous_Short_2b10,02/12/2021,Short,Fluctuating_Asynchro,B,2,110,0,0,0,180,120,0,10
Fluctuating_Asynchronous_Short_3a10,02/12/2021,Short,Fluctuating_Asynchro,A,3,4,0,0,1,1560,50,1,10
Fluctuating_Asynchronous_Short_3b10,02/12/2021,Short,Fluctuating_Asynchro,B,3,6,0,0,0,1880,60,0,10
Fluctuating_Asynchronous_Short_4a10,02/12/2021,Short,Fluctuating_Asynchro,A,4,50,0,70,0,50,300,2,10
Fluctuating_Asynchronous_Short_4b10,02/12/2021,Short,Fluctuating_Asynchro,B,4,2,0,50,1,70,400,1,10
Fluctuating_Asynchronous_Short_5a10,02/12/2021,Short,Fluctuating_Asynchro,A,5,50,2,0,24,160,80,3,10
Fluctuating_Asynchronous_Short_5b10,02/12/2021,Short,Fluctuating_Asynchro,B,5,21,0,0,30,190,110,2,10
Fluctuating_Asynchronous_Long_1a10,02/12/2021,Long,Fluctuating_Asynchro,A,1,80,0,0,3,240,160,3,10
Fluctuating_Asynchronous_Long_1b10,02/12/2021,Long,Fluctuating_Asynchro,B,1,5,0,0,1,100,120,8,10
Fluctuating_Asynchronous_Long_2a10,02/12/2021,Long,Fluctuating_Asynchro,A,2,2,0,0,14,520,80,0,10
Fluctuating_Asynchronous_Long_2b10,02/12/2021,Long,Fluctuating_Asynchro,B,2,4,0,0,8,310,100,0,10
Fluctuating_Asynchronous_Long_3a10,02/12/2021,Long,Fluctuating_Asynchro,A,3,2,0,0,0,840,80,1,10
Fluctuating_Asynchronous_Long_3b10,02/12/2021,Long,Fluctuating_Asynchro,B,3,0,0,0,1,1080,180,6,10
Fluctuating_Asynchronous_Long_4a10,02/12/2021,Long,Fluctuating_Asynchro,A,4,2,0,0,0,440,6,2,10
Fluctuating_Asynchronous_Long_4b10,02/12/2021,Long,Fluctuating_Asynchro,B,4,3,0,0,3,230,50,2,10
Fluctuating_Asynchronous_Long_5a10,02/12/2021,Long,Fluctuating_Asynchro,A,5,0,0,0,6,380,50,0,10
Fluctuating_Asynchronous_Long_5b10,02/12/2021,Long,Fluctuating_Asynchro,B,5,0,0,0,4,160,100,0,10
Static_Diff_Short_1a10,02/12/2021,Short,Static_Diff,A,1,920,0,0,0,160,50,3,10
Static_Diff_Short_1b10,02/12/2021,Short,Static_Diff,B,1,1680,0,0,0,410,90,0,10
Static_Diff_Short_2a10,02/12/2021,Short,Static_Diff,A,2,550,0,2,0,130,60,1,10
Static_Diff_Short_2b10,02/12/2021,Short,Static_Diff,B,2,1900,0,1,1,1200,140,0,10
Static_Diff_Short_3a10,02/12/2021,Short,Static_Diff,A,3,600,0,0,0,210,4,0,10
Static_Diff_Short_3b10,02/12/2021,Short,Static_Diff,B,3,2800,0,0,0,380,60,0,10
Static_Diff_Short_4a10,02/12/2021,Short,Static_Diff,A,4,800,0,0,16,160,1,0,10
Static_Diff_Short_4b10,02/12/2021,Short,Static_Diff,B,4,4600,0,0,0,450,0,1,10
Static_Diff_Short_5a10,02/12/2021,Short,Static_Diff,A,5,800,4,0,16,350,5,0,10
Static_Diff_Short_5b10,02/12/2021,Short,Static_Diff,B,5,900,1,0,6,500,80,0,10
Static_Diff_Long_1a10,02/12/2021,Long,Static_Diff,A,1,733.3333333,0,0,0,933.3333333,110,1,10
Static_Diff_Long_1b10,02/12/2021,Long,Static_Diff,B,1,110,0,0,0,800,50,1,10
Static_Diff_Long_2a10,02/12/2021,Long,Static_Diff,A,2,0,140,0,0,330,2,0,10
Static_Diff_Long_2b10,02/12/2021,Long,Static_Diff,B,2,0,80,0,6,110,2,0,10
Static_Diff_Long_3a10,02/12/2021,Long,Static_Diff,A,3,1800,0,0,0,680,70,0,10
Static_Diff_Long_3b10,02/12/2021,Long,Static_Diff,B,3,580,0,0,24,160,70,0,10
Static_Diff_Long_5a10,02/12/2021,Long,Static_Diff,A,5,1,0,0,0,160,50,0,10
Static_Diff_Long_5b10,02/12/2021,Long,Static_Diff,B,5,0,0,0,0,310,12,1,10
Fluctuating_Synchronous_Short_1a10,02/12/2021,Short,Fluctuating_Synchro,A,1,0,0,10,0,320,50,3,10
Fluctuating_Synchronous_Short_1b10,02/12/2021,Short,Fluctuating_Synchro,B,1,0,0,8,2,300,6,0,10
Fluctuating_Synchronous_Short_2a10,02/12/2021,Short,Fluctuating_Synchro,A,2,0,2,0,8,160,70,0,10
Fluctuating_Synchronous_Short_2b10,02/12/2021,Short,Fluctuating_Synchro,B,2,0,1,0,8,130,70,0,10
Fluctuating_Synchronous_Short_3a10,02/12/2021,Short,Fluctuating_Synchro,A,3,1,0,0,0,1100,7,0,10
Fluctuating_Synchronous_Short_3b10,02/12/2021,Short,Fluctuating_Synchro,B,3,0,0,0,6,1300,160,0,10
Fluctuating_Synchronous_Short_4a10,02/12/2021,Short,Fluctuating_Synchro,A,4,50,2,0,3,270,120,2,10
Fluctuating_Synchronous_Short_4b10,02/12/2021,Short,Fluctuating_Synchro,B,4,8,1,0,11,220,80,0,10
Fluctuating_Synchronous_Short_5a10,02/12/2021,Short,Fluctuating_Synchro,A,5,0,0,0,60,15,60,0,10
Fluctuating_Synchronous_Short_5b10,02/12/2021,Short,Fluctuating_Synchro,B,5,2,0,0,45,21,60,0,10
Fluctuating_Synchronous_Long_1a10,02/12/2021,Long,Fluctuating_Synchro,A,1,0,0,0,0,800,120,10,10
Fluctuating_Synchronous_Long_1b10,02/12/2021,Long,Fluctuating_Synchro,B,1,0,0,0,0,860,120,8,10
Fluctuating_Synchronous_Long_2a10,02/12/2021,Long,Fluctuating_Synchro,A,2,0,0,0,0,390,160,5,10
Fluctuating_Synchronous_Long_2b10,02/12/2021,Long,Fluctuating_Synchro,B,2,0,0,0,0,480,170,3,10
Fluctuating_Synchronous_Long_3a10,02/12/2021,Long,Fluctuating_Synchro,A,3,0,0,0,0,540,100,6,10
Fluctuating_Synchronous_Long_3b10,02/12/2021,Long,Fluctuating_Synchro,B,3,0,0,0,0,460,190,4,10
Fluctuating_Synchronous_Long_4a10,02/12/2021,Long,Fluctuating_Synchro,A,4,0,0,0,0,250,100,4,10
Fluctuating_Synchronous_Long_4b10,02/12/2021,Long,Fluctuating_Synchro,B,4,0,0,0,0,320,50,4,10
Fluctuating_Synchronous_Long_5a10,02/12/2021,Long,Fluctuating_Synchro,A,5,1,0,0,0,270,50,1,10
Fluctuating_Synchronous_Long_5b10,02/12/2021,Long,Fluctuating_Synchro,B,5,0,0,0,2,210,60,2,10
Constant_Short_1a14,06/12/2021,Short,Constant,A,1,0,0,0,0,2700,900,0,14
Constant_Short_1b14,06/12/2021,Short,Constant,B,1,0,0,0,0,1400,1100,1,14
Constant_Short_2a14,06/12/2021,Short,Constant,A,2,0,0,0,0,7000,1040,1,14
Constant_Short_2b14,06/12/2021,Short,Constant,B,2,0,0,0,0,5000,640,0,14
Constant_Short_3a14,06/12/2021,Short,Constant,A,3,0,0,0,0,2900,2000,2,14
Constant_Short_3b14,06/12/2021,Short,Constant,B,3,0,0,0,0,2800,1100,0,14
Constant_Short_4a14,06/12/2021,Short,Constant,A,4,0,0,0,0,5600,400,1,14
Constant_Short_4b14,06/12/2021,Short,Constant,B,4,0,0,0,0,3000,600,0,14
Constant_Short_5a14,06/12/2021,Short,Constant,A,5,0,0,0,0,5000,760,0,14
Constant_Short_5b14,06/12/2021,Short,Constant,B,5,0,0,0,0,9800,560,0,14
Constant_Long_1a140,06/12/2021,Long,Constant,A,1,0,0,0,0,4800,1240,0,14
Constant_Long_1b14,06/12/2021,Long,Constant,B,1,0,0,0,0,3000,720,0,14
Constant_Long_2a14,06/12/2021,Long,Constant,A,2,0,0,0,0,760,240,0,14
Constant_Long_2b14,06/12/2021,Long,Constant,B,2,0,0,0,0,1040,760,2,14
Constant_Long_3a14,06/12/2021,Long,Constant,A,3,0,0,0,1,2700,560,1,14
Constant_Long_3b14,06/12/2021,Long,Constant,B,3,0,0,0,1,14800,320,0,14
Constant_Long_4a14,06/12/2021,Long,Constant,A,4,0,0,0,1,4400,600,0,14
Constant_Long_4b14,06/12/2021,Long,Constant,B,4,0,0,0,0,4000,333.3333333,0,14
Constant_Long_5a14,06/12/2021,Long,Constant,A,5,0,0,0,0,1500,600,0,14
Constant_Long_5b14,06/12/2021,Long,Constant,B,5,0,0,0,0,1800,1000,0,14
Fluctuating_Asynchronous_Short_1a140,06/12/2021,Short,Fluctuating_Asynchro,A,1,0,0,0,0,90,90,0,14
Fluctuating_Asynchronous_Short_1b14,06/12/2021,Short,Fluctuating_Asynchro,B,1,0,0,0,0,70,50,0,14
Fluctuating_Asynchronous_Short_2a14,06/12/2021,Short,Fluctuating_Asynchro,A,2,2000,0,0,1,50,130,0,14
Fluctuating_Asynchronous_Short_2b14,06/12/2021,Short,Fluctuating_Asynchro,B,2,1040,0,0,0,100,80,0,14
Fluctuating_Asynchronous_Short_3a14,06/12/2021,Short,Fluctuating_Asynchro,A,3,600,0,0,0,250,1,0,14
Fluctuating_Asynchronous_Short_3b14,06/12/2021,Short,Fluctuating_Asynchro,B,3,800,0,0,0,500,1,0,14
Fluctuating_Asynchronous_Short_4a14,06/12/2021,Short,Fluctuating_Asynchro,A,4,50,0,0,0,50,130,0,14
Fluctuating_Asynchronous_Short_4b14,06/12/2021,Short,Fluctuating_Asynchro,B,4,60,0,0,0,60,200,0,14
Fluctuating_Asynchronous_Short_5a14,06/12/2021,Short,Fluctuating_Asynchro,A,5,80,0,0,36,12,80,1,14
Fluctuating_Asynchronous_Short_5b14,06/12/2021,Short,Fluctuating_Asynchro,B,5,130,1,0,60,28,50,0,14
Fluctuating_Asynchronous_Long_1a14,06/12/2021,Long,Fluctuating_Asynchro,A,1,6,0,0,0,110,140,3,14
Fluctuating_Asynchronous_Long_1b14,06/12/2021,Long,Fluctuating_Asynchro,B,1,5,0,0,1,100,120,5,14
Fluctuating_Asynchronous_Long_2a14,06/12/2021,Long,Fluctuating_Asynchro,A,2,7,0,0,10,150,10,0,14
Fluctuating_Asynchronous_Long_2b14,06/12/2021,Long,Fluctuating_Asynchro,B,2,50,0,0,22,110,12,0,14
Fluctuating_Asynchronous_Long_3a14,06/12/2021,Long,Fluctuating_Asynchro,A,3,50,0,0,0,500,80,1,14
Fluctuating_Asynchronous_Long_3b14,06/12/2021,Long,Fluctuating_Asynchro,B,3,3,0,0,0,800,120,2,14
Fluctuating_Asynchronous_Long_4a14,06/12/2021,Long,Fluctuating_Asynchro,A,4,50,0,0,0,170,12,1,14
Fluctuating_Asynchronous_Long_4b14,06/12/2021,Long,Fluctuating_Asynchro,B,4,11,0,0,4,230,10,2,14
Fluctuating_Asynchronous_Long_5a14,06/12/2021,Long,Fluctuating_Asynchro,A,5,1,0,0,5,200,60,0,14
Fluctuating_Asynchronous_Long_5b14,06/12/2021,Long,Fluctuating_Asynchro,B,5,1,0,0,3,210,60,0,14
Static_Diff_Short_1a14,06/12/2021,Short,Static_Diff,A,1,1880,0,0,0,190,4,0,14
Static_Diff_Short_1b14,06/12/2021,Short,Static_Diff,B,1,3300,0,0,1,350,50,0,14
Static_Diff_Short_2a14,06/12/2021,Short,Static_Diff,A,2,2300,0,1,0,500,160,0,14
Static_Diff_Short_2b14,06/12/2021,Short,Static_Diff,B,2,2100,0,1,0,1200,500,0,14
Static_Diff_Short_3a14,06/12/2021,Short,Static_Diff,A,3,1120,0,0,0,150,1,0,14
Static_Diff_Short_3b14,06/12/2021,Short,Static_Diff,B,3,2100,0,0,0,210,4,0,14
Static_Diff_Short_4a14,06/12/2021,Short,Static_Diff,A,4,1000,0,0,2,130,0,0,14
Static_Diff_Short_4b14,06/12/2021,Short,Static_Diff,B,4,1700,0,0,1,170,0,0,14
Static_Diff_Short_5a14,06/12/2021,Short,Static_Diff,A,5,1120,0,0,12,130,1,0,14
Static_Diff_Short_5b14,06/12/2021,Short,Static_Diff,B,5,1280,0,0,3,160,9,0,14
Static_Diff_Long_1a14,06/12/2021,Long,Static_Diff,A,1,480,0,0,0,2000,90,0,14
Static_Diff_Long_1b14,06/12/2021,Long,Static_Diff,B,1,410,0,0,0,700,50,1,14
Static_Diff_Long_2a14,06/12/2021,Long,Static_Diff,A,2,0,70,0,0,270,0,0,14
Static_Diff_Long_2b14,06/12/2021,Long,Static_Diff,B,2,0,1,0,6,130,0,0,14
Static_Diff_Long_3a14,06/12/2021,Long,Static_Diff,A,3,1000,0,0,3,700,10,0,14
Static_Diff_Long_3b14,06/12/2021,Long,Static_Diff,B,3,400,1,0,29,170,50,0,14
Static_Diff_Long_5a14,06/12/2021,Long,Static_Diff,A,5,6,0,0,0,320,60,0,14
Static_Diff_Long_5b14,06/12/2021,Long,Static_Diff,B,5,2,1,0,0,220,60,1,14
Fluctuating_Synchronous_Short_1a14,06/12/2021,Short,Fluctuating_Synchro,A,1,4,0,0,0,170,6,4,14
Fluctuating_Synchronous_Short_1b14,06/12/2021,Short,Fluctuating_Synchro,B,1,2,0,0,2,280,80,1,14
Fluctuating_Synchronous_Short_2a14,06/12/2021,Short,Fluctuating_Synchro,A,2,1,0,0,8,150,6,0,14
Fluctuating_Synchronous_Short_2b14,06/12/2021,Short,Fluctuating_Synchro,B,2,1,0,0,5,100,70,0,14
Fluctuating_Synchronous_Short_3a14,06/12/2021,Short,Fluctuating_Synchro,A,3,21,0,0,2,440,10,0,14
Fluctuating_Synchronous_Short_3b14,06/12/2021,Short,Fluctuating_Synchro,B,3,13,0,0,3,580,100,0,14
Fluctuating_Synchronous_Short_4a14,06/12/2021,Short,Fluctuating_Synchro,A,4,50,0,0,10,430,90,0,14
Fluctuating_Synchronous_Short_4b14,06/12/2021,Short,Fluctuating_Synchro,B,4,8,0,0,14,420,50,2,14
Fluctuating_Synchronous_Short_5a14,06/12/2021,Short,Fluctuating_Synchro,A,5,0,0,0,70,3,2,0,14
Fluctuating_Synchronous_Short_5b14,06/12/2021,Short,Fluctuating_Synchro,B,5,0,0,0,50,5,3,0,14
Fluctuating_Synchronous_Long_1a14,06/12/2021,Long,Fluctuating_Synchro,A,1,0,0,0,0,200,200,10,14
Fluctuating_Synchronous_Long_1b14,06/12/2021,Long,Fluctuating_Synchro,B,1,0,0,0,0,90,180,5,14
Fluctuating_Synchronous_Long_2a14,06/12/2021,Long,Fluctuating_Synchro,A,2,0,0,0,0,210,230,2,14
Fluctuating_Synchronous_Long_2b14,06/12/2021,Long,Fluctuating_Synchro,B,2,0,0,0,0,290,130,2,14
Fluctuating_Synchronous_Long_3a14,06/12/2021,Long,Fluctuating_Synchro,A,3,0,0,0,0,720,50,3,14
Fluctuating_Synchronous_Long_3b14,06/12/2021,Long,Fluctuating_Synchro,B,3,0,0,0,0,320,160,3,14
Fluctuating_Synchronous_Long_4a14,06/12/2021,Long,Fluctuating_Synchro,A,4,0,0,0,0,170,6,2,14
Fluctuating_Synchronous_Long_4b14,06/12/2021,Long,Fluctuating_Synchro,B,4,0,0,0,0,250,70,2,14
Fluctuating_Synchronous_Long_5a14,06/12/2021,Long,Fluctuating_Synchro,A,5,1,0,0,0,170,70,2,14
Fluctuating_Synchronous_Long_5b14,06/12/2021,Long,Fluctuating_Synchro,B,5,0,0,0,1,250,13,4,14
Constant_Short_1a17,09/12/2021,Short,Constant,A,1,0,0,0,0,5000,1120,0,17
Constant_Short_1b17,09/12/2021,Short,Constant,B,1,0,0,0,0,6800,560,0,17
Constant_Short_2a17,09/12/2021,Short,Constant,A,2,0,0,0,0,3200,1800,0,17
Constant_Short_2b17,09/12/2021,Short,Constant,B,2,0,0,0,0,2200,900,1,17
Constant_Short_3a17,09/12/2021,Short,Constant,A,3,0,0,0,0,2000,1100,0,17
Constant_Short_3b17,09/12/2021,Short,Constant,B,3,0,0,0,0,1900,700,0,17
Constant_Short_4a17,09/12/2021,Short,Constant,A,4,0,0,0,0,3400,440,1,17
Constant_Short_4b17,09/12/2021,Short,Constant,B,4,0,0,0,0,1160,880,0,17
Constant_Short_5a17,09/12/2021,Short,Constant,A,5,0,0,0,0,900,7,0,17
Constant_Short_5b17,09/12/2021,Short,Constant,B,5,0,0,0,0,500,120,0,17
Constant_Long_1a170,09/12/2021,Long,Constant,A,1,0,0,0,0,1200,800,0,17
Constant_Long_1b17,09/12/2021,Long,Constant,B,1,0,0,0,2,1700,700,0,17
Constant_Long_2a17,09/12/2021,Long,Constant,A,2,1,0,0,0,1120,360,0,17
Constant_Long_2b17,09/12/2021,Long,Constant,B,2,1,0,0,0,1160,340,1,17
Constant_Long_3a17,09/12/2021,Long,Constant,A,3,0,0,0,6,2800,800,0,17
Constant_Long_3b17,09/12/2021,Long,Constant,B,3,0,0,0,4,1700,600,0,17
Constant_Long_4a17,09/12/2021,Long,Constant,A,4,0,0,0,10,640,160,0,17
Constant_Long_4b17,09/12/2021,Long,Constant,B,4,0,0,0,1,1920,70,0,17
Constant_Long_5a17,09/12/2021,Long,Constant,A,5,0,0,0,0,1520,700,0,17
Constant_Long_5b17,09/12/2021,Long,Constant,B,5,0,1,0,0,4600,800,0,17
Fluctuating_Asynchronous_Short_1a170,09/12/2021,Short,Fluctuating_Asynchro,A,1,2,0,0,0,60,50,0,17
Fluctuating_Asynchronous_Short_1b17,09/12/2021,Short,Fluctuating_Asynchro,B,1,2,0,0,0,60,19,0,17
Fluctuating_Asynchronous_Short_2a17,09/12/2021,Short,Fluctuating_Asynchro,A,2,1200,1,0,0,150,9,0,17
Fluctuating_Asynchronous_Short_2b17,09/12/2021,Short,Fluctuating_Asynchro,B,2,800,0,0,0,190,50,0,17
Fluctuating_Asynchronous_Short_3a17,09/12/2021,Short,Fluctuating_Asynchro,A,3,720,1,0,0,120,0,0,17
Fluctuating_Asynchronous_Short_3b17,09/12/2021,Short,Fluctuating_Asynchro,B,3,760,1,0,0,80,0,0,17
Fluctuating_Asynchronous_Short_4a17,09/12/2021,Short,Fluctuating_Asynchro,A,4,110,0,0,0,80,110,0,17
Fluctuating_Asynchronous_Short_4b17,09/12/2021,Short,Fluctuating_Asynchro,B,4,110,0,0,0,100,160,0,17
Fluctuating_Asynchronous_Short_5a17,09/12/2021,Short,Fluctuating_Asynchro,A,5,130,0,0,12,8,22,0,17
Fluctuating_Asynchronous_Short_5b17,09/12/2021,Short,Fluctuating_Asynchro,B,5,110,1,0,5,90,100,0,17
Fluctuating_Asynchronous_Long_1a17,09/12/2021,Long,Fluctuating_Asynchro,A,1,9,0,0,0,90,100,0,17
Fluctuating_Asynchronous_Long_1b17,09/12/2021,Long,Fluctuating_Asynchro,B,1,9,0,0,2,50,110,0,17
Fluctuating_Asynchronous_Long_2a17,09/12/2021,Long,Fluctuating_Asynchro,A,2,100,1,0,6,80,3,0,17
Fluctuating_Asynchronous_Long_2b17,09/12/2021,Long,Fluctuating_Asynchro,B,2,20,1,0,10,21,4,0,17
Fluctuating_Asynchronous_Long_3a17,09/12/2021,Long,Fluctuating_Asynchro,A,3,3,0,0,0,430,50,2,17
Fluctuating_Asynchronous_Long_3b17,09/12/2021,Long,Fluctuating_Asynchro,B,3,1,0,0,0,350,130,1,17
Fluctuating_Asynchronous_Long_4a17,09/12/2021,Long,Fluctuating_Asynchro,A,4,110,0,0,1,80,6,0,17
Fluctuating_Asynchronous_Long_4b17,09/12/2021,Long,Fluctuating_Asynchro,B,4,50,0,0,2,50,7,0,17
Fluctuating_Asynchronous_Long_5a17,09/12/2021,Long,Fluctuating_Asynchro,A,5,120,2,0,1,70,12,0,17
Fluctuating_Asynchronous_Long_5b17,09/12/2021,Long,Fluctuating_Asynchro,B,5,150,1,0,10,50,18,0,17
Static_Diff_Short_1a17,09/12/2021,Short,Static_Diff,A,1,1200,0,0,0,60,4,0,17
Static_Diff_Short_1b17,09/12/2021,Short,Static_Diff,B,1,3000,0,0,0,140,10,0,17
Static_Diff_Short_2a17,09/12/2021,Short,Static_Diff,A,2,8400,1,0,0,190,110,0,17
Static_Diff_Short_2b17,09/12/2021,Short,Static_Diff,B,2,1800,0,0,0,370,120,0,17
Static_Diff_Short_3a17,09/12/2021,Short,Static_Diff,A,3,1000,0,0,0,4200,60,0,17
Static_Diff_Short_3b17,09/12/2021,Short,Static_Diff,B,3,3000,1,0,0,90,3,0,17
Static_Diff_Short_4a17,09/12/2021,Short,Static_Diff,A,4,4000,0,0,4,50,0,0,17
Static_Diff_Short_4b17,09/12/2021,Short,Static_Diff,B,4,2500,0,0,0,110,0,0,17
Static_Diff_Short_5a17,09/12/2021,Short,Static_Diff,A,5,640,0,0,9,130,0,0,17
Static_Diff_Short_5b17,09/12/2021,Short,Static_Diff,B,5,820,0,0,4,210,0,0,17
Static_Diff_Long_1a17,09/12/2021,Long,Static_Diff,A,1,760,0,0,1,400,50,0,17
Static_Diff_Long_1b17,09/12/2021,Long,Static_Diff,B,1,1400,0,0,1,120,70,0,17
Static_Diff_Long_2a17,09/12/2021,Long,Static_Diff,A,2,0,6,0,0,30,0,0,17
Static_Diff_Long_2b17,09/12/2021,Long,Static_Diff,B,2,0,3,0,1,20,0,0,17
Static_Diff_Long_3a17,09/12/2021,Long,Static_Diff,A,3,2400,0,0,8,300,120,0,17
Static_Diff_Long_3b17,09/12/2021,Long,Static_Diff,B,3,2600,1,0,32,80,60,0,17
Static_Diff_Long_5a17,09/12/2021,Long,Static_Diff,A,5,90,0,0,0,90,8,0,17
Static_Diff_Long_5b17,09/12/2021,Long,Static_Diff,B,5,70,0,0,0,70,10,0,17
Fluctuating_Synchronous_Short_1a17,09/12/2021,Short,Fluctuating_Synchro,A,1,8,0,0,0,120,0,0,17
Fluctuating_Synchronous_Short_1b17,09/12/2021,Short,Fluctuating_Synchro,B,1,14,0,0,1,43,2,2,17
Fluctuating_Synchronous_Short_2a17,09/12/2021,Short,Fluctuating_Synchro,A,2,0,0,0,0,50,4,0,17
Fluctuating_Synchronous_Short_2b17,09/12/2021,Short,Fluctuating_Synchro,B,2,0,0,0,2,110,1,0,17
Fluctuating_Synchronous_Short_3a17,09/12/2021,Short,Fluctuating_Synchro,A,3,80,0,0,1,500,8,1,17
Fluctuating_Synchronous_Short_3b17,09/12/2021,Short,Fluctuating_Synchro,B,3,100,0,0,2,800,50,0,17
Fluctuating_Synchronous_Short_4a17,09/12/2021,Short,Fluctuating_Synchro,A,4,50,1,0,6,250,70,0,17
Fluctuating_Synchronous_Short_4b17,09/12/2021,Short,Fluctuating_Synchro,B,4,7,2,0,13,100,110,3,17
Fluctuating_Synchronous_Short_5a17,09/12/2021,Short,Fluctuating_Synchro,A,5,0,0,0,70,2,1,0,17
Fluctuating_Synchronous_Short_5b17,09/12/2021,Short,Fluctuating_Synchro,B,5,0,0,0,38,3,0,0,17
Fluctuating_Synchronous_Long_1a17,09/12/2021,Long,Fluctuating_Synchro,A,1,0,0,0,0,100,100,9,17
Fluctuating_Synchronous_Long_1b17,09/12/2021,Long,Fluctuating_Synchro,B,1,0,1,0,0,50,150,0,17
Fluctuating_Synchronous_Long_2a17,09/12/2021,Long,Fluctuating_Synchro,A,2,0,0,0,0,190,150,1,17
Fluctuating_Synchronous_Long_2b17,09/12/2021,Long,Fluctuating_Synchro,B,2,0,0,0,0,220,90,1,17
Fluctuating_Synchronous_Long_3a17,09/12/2021,Long,Fluctuating_Synchro,A,3,0,0,0,0,210,50,0,17
Fluctuating_Synchronous_Long_3b17,09/12/2021,Long,Fluctuating_Synchro,B,3,0,0,0,0,170,70,0,17
Fluctuating_Synchronous_Long_4a17,09/12/2021,Long,Fluctuating_Synchro,A,4,0,0,0,0,170,13,2,17
Fluctuating_Synchronous_Long_4b17,09/12/2021,Long,Fluctuating_Synchro,B,4,3,0,0,0,260,10,1,17
Fluctuating_Synchronous_Long_5a17,09/12/2021,Long,Fluctuating_Synchro,A,5,0,0,0,0,90,50,5,17
Fluctuating_Synchronous_Long_5b17,09/12/2021,Long,Fluctuating_Synchro,B,5,0,0,0,0,160,9,2,17
Constant_Short_1a21,13/12/2021,Short,Constant,A,1,0,0,0,0,9400,920,0,21
Constant_Short_1b21,13/12/2021,Short,Constant,B,1,0,0,0,0,2000,1520,0,21
Constant_Short_2a21,13/12/2021,Short,Constant,A,2,0,0,0,0,7800,1000,0,21
Constant_Short_2b21,13/12/2021,Short,Constant,B,2,0,0,0,0,5600,760,0,21
Constant_Short_3a21,13/12/2021,Short,Constant,A,3,0,0,0,0,1240,140,0,21
Constant_Short_3b21,13/12/2021,Short,Constant,B,3,0,0,0,0,150,150,0,21
Constant_Short_4a21,13/12/2021,Short,Constant,A,4,0,0,0,0,2000,560,2,21
Constant_Short_4b21,13/12/2021,Short,Constant,B,4,0,0,0,0,1480,720,0,21
Constant_Short_5a21,13/12/2021,Short,Constant,A,5,0,0,0,0,120,50,0,21
Constant_Short_5b21,13/12/2021,Short,Constant,B,5,0,0,0,0,200,90,0,21
Constant_Long_1a210,13/12/2021,Long,Constant,A,1,0,0,0,0,1440,480,0,21
Constant_Long_1b21,13/12/2021,Long,Constant,B,1,1,0,0,0,1000,560,0,21
Constant_Long_2a21,13/12/2021,Long,Constant,A,2,50,0,0,0,360,340,0,21
Constant_Long_2b21,13/12/2021,Long,Constant,B,2,1,0,0,0,880,340,0,21
Constant_Long_3a21,13/12/2021,Long,Constant,A,3,0,0,0,19,230,130,0,21
Constant_Long_3b21,13/12/2021,Long,Constant,B,3,0,0,0,14,160,50,0,21
Constant_Long_4a21,13/12/2021,Long,Constant,A,4,0,0,0,14,720,2,0,21
Constant_Long_4b21,13/12/2021,Long,Constant,B,4,0,0,0,0,150,1,0,21
Constant_Long_5a21,13/12/2021,Long,Constant,A,5,0,0,0,0,1600,800,0,21
Constant_Long_5b21,13/12/2021,Long,Constant,B,5,0,0,0,0,1280,720,0,21
Fluctuating_Asynchronous_Short_1a210,13/12/2021,Short,Fluctuating_Asynchro,A,1,3,0,0,0,50,2,0,21
Fluctuating_Asynchronous_Short_1b21,13/12/2021,Short,Fluctuating_Asynchro,B,1,2,0,0,0,110,6,0,21
Fluctuating_Asynchronous_Short_2a21,13/12/2021,Short,Fluctuating_Asynchro,A,2,1160,0,0,0,50,1,0,21
Fluctuating_Asynchronous_Short_2b21,13/12/2021,Short,Fluctuating_Asynchro,B,2,1240,0,0,0,60,1,0,21
Fluctuating_Asynchronous_Short_3a21,13/12/2021,Short,Fluctuating_Asynchro,A,3,9800,0,0,0,7,0,0,21
Fluctuating_Asynchronous_Short_3b21,13/12/2021,Short,Fluctuating_Asynchro,B,3,960,0,0,0,12,0,0,21
Fluctuating_Asynchronous_Short_4a21,13/12/2021,Short,Fluctuating_Asynchro,A,4,80,0,0,0,100,60,0,21
Fluctuating_Asynchronous_Short_4b21,13/12/2021,Short,Fluctuating_Asynchro,B,4,110,0,0,0,140,50,0,21
Fluctuating_Asynchronous_Short_5a21,13/12/2021,Short,Fluctuating_Asynchro,A,5,140,0,0,2,50,60,0,21
Fluctuating_Asynchronous_Short_5b21,13/12/2021,Short,Fluctuating_Asynchro,B,5,180,0,0,1,8,90,0,21
Fluctuating_Asynchronous_Long_1a21,13/12/2021,Long,Fluctuating_Asynchro,A,1,50,0,0,0,60,90,0,21
Fluctuating_Asynchronous_Long_1b21,13/12/2021,Long,Fluctuating_Asynchro,B,1,11,0,0,0,80,90,0,21
Fluctuating_Asynchronous_Long_2a21,13/12/2021,Long,Fluctuating_Asynchro,A,2,70,0,0,2,50,1,0,21
Fluctuating_Asynchronous_Long_2b21,13/12/2021,Long,Fluctuating_Asynchro,B,2,120,0,0,2,20,0,0,21
Fluctuating_Asynchronous_Long_3a21,13/12/2021,Long,Fluctuating_Asynchro,A,3,120,0,0,0,50,1,0,21
Fluctuating_Asynchronous_Long_3b21,13/12/2021,Long,Fluctuating_Asynchro,B,3,90,0,0,0,24,0,0,21
Fluctuating_Asynchronous_Long_4a21,13/12/2021,Long,Fluctuating_Asynchro,A,4,60,0,0,0,150,50,0,21
Fluctuating_Asynchronous_Long_4b21,13/12/2021,Long,Fluctuating_Asynchro,B,4,80,0,0,0,160,50,0,21
Fluctuating_Asynchronous_Long_5a21,13/12/2021,Long,Fluctuating_Asynchro,A,5,180,1,0,0,18,9,0,21
Fluctuating_Asynchronous_Long_5b21,13/12/2021,Long,Fluctuating_Asynchro,B,5,180,1,0,3,18,60,0,21
Static_Diff_Short_1a21,13/12/2021,Short,Static_Diff,A,1,1680,0,0,0,7,4,0,21
Static_Diff_Short_1b21,13/12/2021,Short,Static_Diff,B,1,7000,0,0,0,50,0,0,21
Static_Diff_Short_2a21,13/12/2021,Short,Static_Diff,A,2,1400,2,0,0,2,4,0,21
Static_Diff_Short_2b21,13/12/2021,Short,Static_Diff,B,2,1840,0,0,0,5,5,0,21
Static_Diff_Short_3a21,13/12/2021,Short,Static_Diff,A,3,6000,2,0,0,4,0,0,21
Static_Diff_Short_3b21,13/12/2021,Short,Static_Diff,B,3,6200,1,0,0,9,2,0,21
Static_Diff_Short_4a21,13/12/2021,Short,Static_Diff,A,4,1200,0,0,3,50,0,0,21
Static_Diff_Short_4b21,13/12/2021,Short,Static_Diff,B,4,1450,0,0,1,50,0,0,21
Static_Diff_Short_5a21,13/12/2021,Short,Static_Diff,A,5,560,0,0,12,70,0,0,21
Static_Diff_Short_5b21,13/12/2021,Short,Static_Diff,B,5,1800,0,0,2,110,0,0,21
Static_Diff_Long_1a21,13/12/2021,Long,Static_Diff,A,1,760,0,0,0,140,5,0,21
Static_Diff_Long_1b21,13/12/2021,Long,Static_Diff,B,1,920,0,0,0,70,2,0,21
Static_Diff_Long_2a21,13/12/2021,Long,Static_Diff,A,2,0,0,0,1,60,0,0,21
Static_Diff_Long_2b21,13/12/2021,Long,Static_Diff,B,2,0,0,0,0,80,0,0,21
Static_Diff_Long_3a21,13/12/2021,Long,Static_Diff,A,3,1200,0,0,5,50,50,0,21
Static_Diff_Long_3b21,13/12/2021,Long,Static_Diff,B,3,1080,1,0,50,5,60,0,21
Static_Diff_Long_5a21,13/12/2021,Long,Static_Diff,A,5,100,0,0,0,80,4,0,21
Static_Diff_Long_5b21,13/12/2021,Long,Static_Diff,B,5,110,0,0,0,50,2,0,21
Fluctuating_Synchronous_Short_1a21,13/12/2021,Short,Fluctuating_Synchro,A,1,18,0,0,0,70,0,0,21
Fluctuating_Synchronous_Short_1b21,13/12/2021,Short,Fluctuating_Synchro,B,1,18,0,0,0,90,0,2,21
Fluctuating_Synchronous_Short_2a21,13/12/2021,Short,Fluctuating_Synchro,A,2,0,0,0,0,70,0,0,21
Fluctuating_Synchronous_Short_2b21,13/12/2021,Short,Fluctuating_Synchro,B,2,1,0,0,0,90,0,0,21
Fluctuating_Synchronous_Short_3a21,13/12/2021,Short,Fluctuating_Synchro,A,3,130,1,0,1,300,0,0,21
Fluctuating_Synchronous_Short_3b21,13/12/2021,Short,Fluctuating_Synchro,B,3,50,0,0,2,320,2,0,21
Fluctuating_Synchronous_Short_4a21,13/12/2021,Short,Fluctuating_Synchro,A,4,2,0,0,0,110,15,0,21
Fluctuating_Synchronous_Short_4b21,13/12/2021,Short,Fluctuating_Synchro,B,4,3,0,0,0,80,13,0,21
Fluctuating_Synchronous_Short_5a21,13/12/2021,Short,Fluctuating_Synchro,A,5,0,0,0,13,1,0,0,21
Fluctuating_Synchronous_Short_5b21,13/12/2021,Short,Fluctuating_Synchro,B,5,0,0,0,5,5,2,0,21
Fluctuating_Synchronous_Long_1a21,13/12/2021,Long,Fluctuating_Synchro,A,1,0,0,0,0,50,150,2,21
Fluctuating_Synchronous_Long_1b21,13/12/2021,Long,Fluctuating_Synchro,B,1,0,0,0,0,60,90,0,21
Fluctuating_Synchronous_Long_2a21,13/12/2021,Long,Fluctuating_Synchro,A,2,0,0,0,0,7,70,1,21
Fluctuating_Synchronous_Long_2b21,13/12/2021,Long,Fluctuating_Synchro,B,2,0,0,0,0,70,60,2,21
Fluctuating_Synchronous_Long_3a21,13/12/2021,Long,Fluctuating_Synchro,A,3,0,0,0,0,150,12,0,21
Fluctuating_Synchronous_Long_3b21,13/12/2021,Long,Fluctuating_Synchro,B,3,1,0,0,0,210,6,3,21
Fluctuating_Synchronous_Long_4a21,13/12/2021,Long,Fluctuating_Synchro,A,4,4,0,0,0,170,50,2,21
Fluctuating_Synchronous_Long_4b21,13/12/2021,Long,Fluctuating_Synchro,B,4,1,0,0,0,70,4,1,21
Fluctuating_Synchronous_Long_5a21,13/12/2021,Long,Fluctuating_Synchro,A,5,0,0,0,0,80,2,0,21
Fluctuating_Synchronous_Long_5b21,13/12/2021,Long,Fluctuating_Synchro,B,5,0,0,0,0,90,3,1,21
Constant_Short_1a24,16/12/2021,Short,Constant,A,1,0,0,0,0,5600,320,0,24
Constant_Short_1b24,16/12/2021,Short,Constant,B,1,0,0,0,0,1280,200,0,24
Constant_Short_2a24,16/12/2021,Short,Constant,A,2,0,0,0,0,800,360,0,24
Constant_Short_2b24,16/12/2021,Short,Constant,B,2,0,0,0,0,320,520,0,24
Constant_Short_3a24,16/12/2021,Short,Constant,A,3,0,0,0,0,300,170,0,24
Constant_Short_3b24,16/12/2021,Short,Constant,B,3,0,0,0,0,140,160,0,24
Constant_Short_4a24,16/12/2021,Short,Constant,A,4,0,0,0,0,600,260,1,24
Constant_Short_4b24,16/12/2021,Short,Constant,B,4,0,0,0,0,760,180,0,24
Constant_Short_5a24,16/12/2021,Short,Constant,A,5,0,0,0,0,110,60,0,24
Constant_Short_5b24,16/12/2021,Short,Constant,B,5,0,0,0,0,130,70,0,24
Constant_Long_1a240,16/12/2021,Long,Constant,A,1,0,0,0,0,190,190,0,24
Constant_Long_1b24,16/12/2021,Long,Constant,B,1,0,0,0,0,280,70,0,24
Constant_Long_2a24,16/12/2021,Long,Constant,A,2,1,0,0,0,780,180,0,24
Constant_Long_2b24,16/12/2021,Long,Constant,B,2,3,0,0,0,230,280,0,24
Constant_Long_3a24,16/12/2021,Long,Constant,A,3,0,0,0,60,110,60,0,24
Constant_Long_3b24,16/12/2021,Long,Constant,B,3,3,0,0,13,70,30,0,24
Constant_Long_4a24,16/12/2021,Long,Constant,A,4,0,0,0,9,440,2,0,24
Constant_Long_4b24,16/12/2021,Long,Constant,B,4,0,0,0,3,410,1,0,24
Constant_Long_5a24,16/12/2021,Long,Constant,A,5,0,0,0,0,490,420,0,24
Constant_Long_5b24,16/12/2021,Long,Constant,B,5,0,0,0,0,980,620,0,24
Fluctuating_Asynchronous_Short_1a240,16/12/2021,Short,Fluctuating_Asynchro,A,1,10,0,0,0,110,2,0,24
Fluctuating_Asynchronous_Short_1b24,16/12/2021,Short,Fluctuating_Asynchro,B,1,0,0,0,0,80,6,0,24
Fluctuating_Asynchronous_Short_2a24,16/12/2021,Short,Fluctuating_Asynchro,A,2,880,0,0,0,22,0,0,24
Fluctuating_Asynchronous_Short_2b24,16/12/2021,Short,Fluctuating_Asynchro,B,2,1080,0,0,0,29,1,0,24
Fluctuating_Asynchronous_Short_3a24,16/12/2021,Short,Fluctuating_Asynchro,A,3,520,0,0,0,0,0,0,24
Fluctuating_Asynchronous_Short_3b24,16/12/2021,Short,Fluctuating_Asynchro,B,3,600,0,0,0,4,0,0,24
Fluctuating_Asynchronous_Short_4a24,16/12/2021,Short,Fluctuating_Asynchro,A,4,150,0,0,0,130,13,0,24
Fluctuating_Asynchronous_Short_4b24,16/12/2021,Short,Fluctuating_Asynchro,B,4,80,0,0,0,90,70,0,24
Fluctuating_Asynchronous_Short_5a24,16/12/2021,Short,Fluctuating_Asynchro,A,5,280,0,0,0,3,4,0,24
Fluctuating_Asynchronous_Short_5b24,16/12/2021,Short,Fluctuating_Asynchro,B,5,230,0,0,0,5,7,0,24
Fluctuating_Asynchronous_Long_1a24,16/12/2021,Long,Fluctuating_Asynchro,A,1,50,0,0,0,80,50,0,24
Fluctuating_Asynchronous_Long_1b24,16/12/2021,Long,Fluctuating_Asynchro,B,1,60,0,0,0,50,22,0,24
Fluctuating_Asynchronous_Long_2a24,16/12/2021,Long,Fluctuating_Asynchro,A,2,180,0,0,0,6,0,0,24
Fluctuating_Asynchronous_Long_2b24,16/12/2021,Long,Fluctuating_Asynchro,B,2,60,0,0,0,6,2,0,24
Fluctuating_Asynchronous_Long_3a24,16/12/2021,Long,Fluctuating_Asynchro,A,3,100,0,0,0,100,70,0,24
Fluctuating_Asynchronous_Long_3b24,16/12/2021,Long,Fluctuating_Asynchro,B,3,90,0,0,0,100,50,0,24
Fluctuating_Asynchronous_Long_4a24,16/12/2021,Long,Fluctuating_Asynchro,A,4,220,0,0,0,8,4,0,24
Fluctuating_Asynchronous_Long_4b24,16/12/2021,Long,Fluctuating_Asynchro,B,4,150,0,0,0,60,3,0,24
Fluctuating_Asynchronous_Long_5a24,16/12/2021,Long,Fluctuating_Asynchro,A,5,220,2,0,0,9,9,0,24
Fluctuating_Asynchronous_Long_5b24,16/12/2021,Long,Fluctuating_Asynchro,B,5,200,0,0,0,12,9,0,24
Static_Diff_Short_1a24,16/12/2021,Short,Static_Diff,A,1,7000,0,0,0,8,2,0,24
Static_Diff_Short_1b24,16/12/2021,Short,Static_Diff,B,1,5800,0,0,0,20,1,0,24
Static_Diff_Short_2a24,16/12/2021,Short,Static_Diff,A,2,8800,0,0,0,2,2,0,24
Static_Diff_Short_2b24,16/12/2021,Short,Static_Diff,B,2,1600,0,0,0,1,1,0,24
Static_Diff_Short_3a24,16/12/2021,Short,Static_Diff,A,3,1600,0,0,0,4,0,0,24
Static_Diff_Short_3b24,16/12/2021,Short,Static_Diff,B,3,5600,0,0,0,5,0,0,24
Static_Diff_Short_4a24,16/12/2021,Short,Static_Diff,A,4,2600,0,0,2,1,0,0,24
Static_Diff_Short_4b24,16/12/2021,Short,Static_Diff,B,4,1300,0,0,0,4,0,0,24
Static_Diff_Short_5a24,16/12/2021,Short,Static_Diff,A,5,1200,0,0,4,50,0,0,24
Static_Diff_Short_5b24,16/12/2021,Short,Static_Diff,B,5,560,0,0,2,100,0,0,24
Static_Diff_Long_1a24,16/12/2021,Long,Static_Diff,A,1,470,0,0,0,100,4,0,24
Static_Diff_Long_1b24,16/12/2021,Long,Static_Diff,B,1,2600,0,0,0,60,7,0,24
Static_Diff_Long_2a24,16/12/2021,Long,Static_Diff,A,2,0,1,0,0,19,0,0,24
Static_Diff_Long_2b24,16/12/2021,Long,Static_Diff,B,2,0,0,0,1,50,0,0,24
Static_Diff_Long_3a24,16/12/2021,Long,Static_Diff,A,3,2600,0,0,5,4,6,0,24
Static_Diff_Long_3b24,16/12/2021,Long,Static_Diff,B,3,1160,0,0,16,3,3,0,24
Static_Diff_Long_5a24,16/12/2021,Long,Static_Diff,A,5,170,0,0,0,70,1,0,24
Static_Diff_Long_5b24,16/12/2021,Long,Static_Diff,B,5,160,0,0,0,18,1,0,24
Fluctuating_Synchronous_Short_1a24,16/12/2021,Short,Fluctuating_Synchro,A,1,110,0,0,0,50,0,0,24
Fluctuating_Synchronous_Short_1b24,16/12/2021,Short,Fluctuating_Synchro,B,1,120,0,0,0,18,3,0,24
Fluctuating_Synchronous_Short_2a24,16/12/2021,Short,Fluctuating_Synchro,A,2,0,0,0,0,70,0,0,24
Fluctuating_Synchronous_Short_2b24,16/12/2021,Short,Fluctuating_Synchro,B,2,0,0,0,0,38,0,0,24
Fluctuating_Synchronous_Short_3a24,16/12/2021,Short,Fluctuating_Synchro,A,3,120,1,0,0,160,2,0,24
Fluctuating_Synchronous_Short_3b24,16/12/2021,Short,Fluctuating_Synchro,B,3,5,3,0,1,130,1,0,24
Fluctuating_Synchronous_Short_4a24,16/12/2021,Short,Fluctuating_Synchro,A,4,8,0,0,0,50,5,0,24
Fluctuating_Synchronous_Short_4b24,16/12/2021,Short,Fluctuating_Synchro,B,4,2,0,0,0,50,8,0,24
Fluctuating_Synchronous_Short_5a24,16/12/2021,Short,Fluctuating_Synchro,A,5,0,0,0,0,5,2,0,24
Fluctuating_Synchronous_Short_5b24,16/12/2021,Short,Fluctuating_Synchro,B,5,0,0,0,0,4,0,0,24
Fluctuating_Synchronous_Long_1a24,16/12/2021,Long,Fluctuating_Synchro,A,1,0,0,0,0,17,100,0,24
Fluctuating_Synchronous_Long_1b24,16/12/2021,Long,Fluctuating_Synchro,B,1,0,0,0,0,50,120,0,24
Fluctuating_Synchronous_Long_2a24,16/12/2021,Long,Fluctuating_Synchro,A,2,0,0,0,0,14,50,1,24
Fluctuating_Synchronous_Long_2b24,16/12/2021,Long,Fluctuating_Synchro,B,2,0,0,0,0,5,60,2,24
Fluctuating_Synchronous_Long_3a24,16/12/2021,Long,Fluctuating_Synchro,A,3,1,0,0,0,50,2,0,24
Fluctuating_Synchronous_Long_3b24,16/12/2021,Long,Fluctuating_Synchro,B,3,1,0,0,0,33,5,0,24
Fluctuating_Synchronous_Long_4a24,16/12/2021,Long,Fluctuating_Synchro,A,4,0,0,0,0,50,0,1,24
Fluctuating_Synchronous_Long_4b24,16/12/2021,Long,Fluctuating_Synchro,B,4,3,0,0,0,50,3,1,24
Fluctuating_Synchronous_Long_5a24,16/12/2021,Long,Fluctuating_Synchro,A,5,1,0,0,0,18,0,0,24
Fluctuating_Synchronous_Long_5b24,16/12/2021,Long,Fluctuating_Synchro,B,5,0,0,0,1,27,0,0,24
Constant_Short_1a28,20/12/2021,Short,Constant,A,1,0,0,0,0,840,140,0,28
Constant_Short_1b28,20/12/2021,Short,Constant,B,1,0,0,0,0,840,260,0,28
Constant_Short_2a28,20/12/2021,Short,Constant,A,2,0,0,0,0,780,240,0,28
Constant_Short_2b28,20/12/2021,Short,Constant,B,2,0,0,0,0,960,320,0,28
Constant_Short_3a28,20/12/2021,Short,Constant,A,3,1,0,0,0,140,110,0,28
Constant_Short_3b28,20/12/2021,Short,Constant,B,3,0,0,0,0,230,180,0,28
Constant_Short_4a28,20/12/2021,Short,Constant,A,4,0,0,0,0,700,250,0,28
Constant_Short_4b28,20/12/2021,Short,Constant,B,4,0,0,0,0,600,270,0,28
Constant_Short_5a28,20/12/2021,Short,Constant,A,5,0,0,0,0,140,90,0,28
Constant_Short_5b28,20/12/2021,Short,Constant,B,5,0,0,0,0,130,50,0,28
Constant_Long_1a280,20/12/2021,Long,Constant,A,1,50,0,0,0,100,170,0,28
Constant_Long_1b28,20/12/2021,Long,Constant,B,1,3,0,0,0,330,170,0,28
Constant_Long_2a28,20/12/2021,Long,Constant,A,2,3,0,0,0,300,230,0,28
Constant_Long_2b28,20/12/2021,Long,Constant,B,2,4,0,0,0,250,260,0,28
Constant_Long_3a28,20/12/2021,Long,Constant,A,3,3,0,0,11,110,70,0,28
Constant_Long_3b28,20/12/2021,Long,Constant,B,3,50,0,0,0,60,9,0,28
Constant_Long_4a28,20/12/2021,Long,Constant,A,4,2,0,0,4,230,0,0,28
Constant_Long_4b28,20/12/2021,Long,Constant,B,4,0,0,0,2,170,0,0,28
Constant_Long_5a28,20/12/2021,Long,Constant,A,5,0,0,0,0,150,90,0,28
Constant_Long_5b28,20/12/2021,Long,Constant,B,5,0,0,0,0,150,430,0,28
Fluctuating_Asynchronous_Short_1a280,20/12/2021,Short,Fluctuating_Asynchro,A,1,70,0,0,0,80,0,0,28
Fluctuating_Asynchronous_Short_1b28,20/12/2021,Short,Fluctuating_Asynchro,B,1,70,0,0,0,60,0,0,28
Fluctuating_Asynchronous_Short_2a28,20/12/2021,Short,Fluctuating_Asynchro,A,2,600,0,0,0,50,0,0,28
Fluctuating_Asynchronous_Short_2b28,20/12/2021,Short,Fluctuating_Asynchro,B,2,600,0,0,0,50,0,0,28
Fluctuating_Asynchronous_Short_3a28,20/12/2021,Short,Fluctuating_Asynchro,A,3,390,0,0,0,1,0,0,28
Fluctuating_Asynchronous_Short_3b28,20/12/2021,Short,Fluctuating_Asynchro,B,3,480,3,0,0,3,0,0,28
Fluctuating_Asynchronous_Short_4a28,20/12/2021,Short,Fluctuating_Asynchro,A,4,240,0,0,0,260,50,0,28
Fluctuating_Asynchronous_Short_4b28,20/12/2021,Short,Fluctuating_Asynchro,B,4,60,0,0,0,180,50,0,28
Fluctuating_Asynchronous_Short_5a28,20/12/2021,Short,Fluctuating_Asynchro,A,5,370,0,0,0,2,2,0,28
Fluctuating_Asynchronous_Short_5b28,20/12/2021,Short,Fluctuating_Asynchro,B,5,370,0,0,0,2,5,0,28
Fluctuating_Asynchronous_Long_1a28,20/12/2021,Long,Fluctuating_Asynchro,A,1,12,0,0,0,50,13,0,28
Fluctuating_Asynchronous_Long_1b28,20/12/2021,Long,Fluctuating_Asynchro,B,1,17,1,0,0,50,5,0,28
Fluctuating_Asynchronous_Long_2a28,20/12/2021,Long,Fluctuating_Asynchro,A,2,150,0,0,0,50,0,0,28
Fluctuating_Asynchronous_Long_2b28,20/12/2021,Long,Fluctuating_Asynchro,B,2,120,0,0,0,2,0,0,28
Fluctuating_Asynchronous_Long_3a28,20/12/2021,Long,Fluctuating_Asynchro,A,3,260,0,0,0,80,90,0,28
Fluctuating_Asynchronous_Long_3b28,20/12/2021,Long,Fluctuating_Asynchro,B,3,250,0,0,0,50,60,0,28
Fluctuating_Asynchronous_Long_4a28,20/12/2021,Long,Fluctuating_Asynchro,A,4,180,0,0,0,7,0,0,28
Fluctuating_Asynchronous_Long_4b28,20/12/2021,Long,Fluctuating_Asynchro,B,4,150,0,0,0,5,0,0,28
Fluctuating_Asynchronous_Long_5a28,20/12/2021,Long,Fluctuating_Asynchro,A,5,260,0,0,0,3,2,0,28
Fluctuating_Asynchronous_Long_5b28,20/12/2021,Long,Fluctuating_Asynchro,B,5,230,0,0,0,2,5,0,28
Static_Diff_Short_1a28,20/12/2021,Short,Static_Diff,A,1,1600,0,0,0,6,1,0,28
Static_Diff_Short_1b28,20/12/2021,Short,Static_Diff,B,1,1700,0,0,0,60,0,0,28
Static_Diff_Short_2a28,20/12/2021,Short,Static_Diff,A,2,1200,1,0,0,0,0,0,28
Static_Diff_Short_2b28,20/12/2021,Short,Static_Diff,B,2,1600,1,0,0,0,0,0,28
Static_Diff_Short_3a28,20/12/2021,Short,Static_Diff,A,3,1680,0,0,0,1,0,0,28
Static_Diff_Short_3b28,20/12/2021,Short,Static_Diff,B,3,1240,0,0,0,0,0,0,28
Static_Diff_Short_4a28,20/12/2021,Short,Static_Diff,A,4,900,0,0,0,2,0,0,28
Static_Diff_Short_4b28,20/12/2021,Short,Static_Diff,B,4,800,0,0,0,6,0,0,28
Static_Diff_Short_5a28,20/12/2021,Short,Static_Diff,A,5,600,0,0,3,50,0,0,28
Static_Diff_Short_5b28,20/12/2021,Short,Static_Diff,B,5,960,0,0,0,100,0,0,28
Static_Diff_Long_1a28,20/12/2021,Long,Static_Diff,A,1,1320,0,0,0,12,5,0,28
Static_Diff_Long_1b28,20/12/2021,Long,Static_Diff,B,1,1120,0,0,0,8,5,0,28
Static_Diff_Long_2a28,20/12/2021,Long,Static_Diff,A,2,0,0,0,0,7,0,0,28
Static_Diff_Long_2b28,20/12/2021,Long,Static_Diff,B,2,0,0,0,0,14,0,0,28
Static_Diff_Long_3a28,20/12/2021,Long,Static_Diff,A,3,1480,0,0,1,3,2,0,28
Static_Diff_Long_3b28,20/12/2021,Long,Static_Diff,B,3,1320,0,0,10,2,8,0,28
Static_Diff_Long_5a28,20/12/2021,Long,Static_Diff,A,5,500,0,0,0,12,1,0,28
Static_Diff_Long_5b28,20/12/2021,Long,Static_Diff,B,5,140,0,0,0,5,1,0,28
Fluctuating_Synchronous_Short_1a28,20/12/2021,Short,Fluctuating_Synchro,A,1,140,0,0,0,50,1,0,28
Fluctuating_Synchronous_Short_1b28,20/12/2021,Short,Fluctuating_Synchro,B,1,170,0,0,0,100,1,0,28
Fluctuating_Synchronous_Short_2a28,20/12/2021,Short,Fluctuating_Synchro,A,2,0,0,0,0,21,0,0,28
Fluctuating_Synchronous_Short_2b28,20/12/2021,Short,Fluctuating_Synchro,B,2,0,0,0,0,70,0,0,28
Fluctuating_Synchronous_Short_3a28,20/12/2021,Short,Fluctuating_Synchro,A,3,80,2,0,0,70,0,0,28
Fluctuating_Synchronous_Short_3b28,20/12/2021,Short,Fluctuating_Synchro,B,3,100,0,0,0,50,0,0,28
Fluctuating_Synchronous_Short_4a28,20/12/2021,Short,Fluctuating_Synchro,A,4,0,0,0,0,80,0,0,28
Fluctuating_Synchronous_Short_4b28,20/12/2021,Short,Fluctuating_Synchro,B,4,7,0,0,0,60,0,0,28
Fluctuating_Synchronous_Short_5a28,20/12/2021,Short,Fluctuating_Synchro,A,5,0,0,0,0,3,0,0,28
Fluctuating_Synchronous_Short_5b28,20/12/2021,Short,Fluctuating_Synchro,B,5,0,0,0,0,0,0,0,28
Fluctuating_Synchronous_Long_1a28,20/12/2021,Long,Fluctuating_Synchro,A,1,0,0,0,0,20,50,0,28
Fluctuating_Synchronous_Long_1b28,20/12/2021,Long,Fluctuating_Synchro,B,1,0,0,0,0,5,130,0,28
Fluctuating_Synchronous_Long_2a28,20/12/2021,Long,Fluctuating_Synchro,A,2,0,0,0,0,0,0,0,28
Fluctuating_Synchronous_Long_2b28,20/12/2021,Long,Fluctuating_Synchro,B,2,0,0,0,0,0,0,1,28
Fluctuating_Synchronous_Long_3a28,20/12/2021,Long,Fluctuating_Synchro,A,3,0,0,0,0,7,1,0,28
Fluctuating_Synchronous_Long_3b28,20/12/2021,Long,Fluctuating_Synchro,B,3,1,0,0,0,8,3,0,28
Fluctuating_Synchronous_Long_4a28,20/12/2021,Long,Fluctuating_Synchro,A,4,0,0,0,0,100,3,0,28
Fluctuating_Synchronous_Long_4b28,20/12/2021,Long,Fluctuating_Synchro,B,4,0,0,0,0,45,2,0,28
Fluctuating_Synchronous_Long_5a28,20/12/2021,Long,Fluctuating_Synchro,A,5,0,0,0,0,6,2,0,28
Fluctuating_Synchronous_Long_5b28,20/12/2021,Long,Fluctuating_Synchro,B,5,0,0,0,0,9,3,0,28